indicator,flag
"2005 PPP conversion factor, GDP (LCU per international $)",0
"2005 PPP conversion factor, private consumption (LCU per international $)",0
Access to clean fuels and technologies for cooking (% of population),0
Access to electricity (% of population),0
"Access to electricity, rural (% of rural population)",0
"Access to electricity, urban (% of urban population)",0
Account ownership at a financial institution or with a mobile-money-service provider (% of population ages 15+),0
"Account ownership at a financial institution or with a mobile-money-service provider, female (% of population ages 15+)",0
"Account ownership at a financial institution or with a mobile-money-service provider, male (% of population ages 15+)",0
"Account ownership at a financial institution or with a mobile-money-service provider, older adults (% of population ages 25+)",0
"Account ownership at a financial institution or with a mobile-money-service provider, poorest 40% (% of population ages 15+)",0
"Account ownership at a financial institution or with a mobile-money-service provider, primary education or less (% of population ages 15+)",0
"Account ownership at a financial institution or with a mobile-money-service provider, richest 60% (% of population ages 15+)",0
"Account ownership at a financial institution or with a mobile-money-service provider, secondary education or more (% of population ages 15+)",0
"Account ownership at a financial institution or with a mobile-money-service provider, young adults (% of population ages 15-24)",0
Adequacy of social insurance programs (% of total welfare of beneficiary households),0
Adequacy of social protection and labor programs (% of total welfare of beneficiary households),0
Adequacy of social safety net programs (% of total welfare of beneficiary households),0
Adequacy of unemployment benefits and ALMP (% of total welfare of beneficiary households),0
"Adjusted net enrollment rate, primary (% of primary school age children)",0
"Adjusted net enrollment rate, primary, female (% of primary school age children)",0
"Adjusted net enrollment rate, primary, male (% of primary school age children)",0
Adjusted net national income (annual % growth),0
Adjusted net national income (constant 2010 US$),0
Adjusted net national income (current US$),0
Adjusted net national income per capita (annual % growth),0
Adjusted net national income per capita (constant 2010 US$),0
Adjusted net national income per capita (current US$),0
"Adjusted net savings, excluding particulate emission damage (% of GNI)",0
"Adjusted net savings, excluding particulate emission damage (current US$)",0
"Adjusted net savings, including particulate emission damage (% of GNI)",0
"Adjusted net savings, including particulate emission damage (current US$)",0
Adjusted savings: carbon dioxide damage (% of GNI),0
Adjusted savings: carbon dioxide damage (current US$),0
Adjusted savings: consumption of fixed capital (% of GNI),0
Adjusted savings: consumption of fixed capital (current US$),0
Adjusted savings: education expenditure (% of GNI),0
Adjusted savings: education expenditure (current US$),0
Adjusted savings: energy depletion (% of GNI),0
Adjusted savings: energy depletion (current US$),0
Adjusted savings: gross savings (% of GNI),0
Adjusted savings: mineral depletion (% of GNI),0
Adjusted savings: mineral depletion (current US$),0
Adjusted savings: natural resources depletion (% of GNI),0
Adjusted savings: net forest depletion (% of GNI),0
Adjusted savings: net forest depletion (current US$),0
Adjusted savings: net national savings (% of GNI),0
Adjusted savings: net national savings (current US$),0
Adjusted savings: particulate emission damage (% of GNI),0
Adjusted savings: particulate emission damage (current US$),0
"Adolescent fertility rate (births per 1,000 women ages 15-19)",0
Adolescents out of school (% of lower secondary school age),0
"Adolescents out of school, female (% of female lower secondary school age)",0
"Adolescents out of school, male (% of male lower secondary school age)",0
Adults (ages 15+) and children (ages 0-14) newly infected with HIV,0
Adults (ages 15+) newly infected with HIV,0
Age dependency ratio (% of working-age population),0
"Age dependency ratio, old (% of working-age population)",0
"Age dependency ratio, young (% of working-age population)",0
Agricultural irrigated land (% of total agricultural land),0
Agricultural land (% of land area),0
Agricultural land (sq. km),0
"Agricultural machinery, tractors",0
"Agricultural machinery, tractors per 100 sq. km of arable land",0
Agricultural methane emissions (% of total),0
Agricultural methane emissions (thousand metric tons of CO2 equivalent),0
Agricultural nitrous oxide emissions (% of total),0
Agricultural nitrous oxide emissions (thousand metric tons of CO2 equivalent),0
Agricultural raw materials exports (% of merchandise exports),0
Agricultural raw materials imports (% of merchandise imports),0
"Agriculture, forestry, and fishing, value added (% of GDP)",0
"Agriculture, forestry, and fishing, value added (annual % growth)",0
"Agriculture, forestry, and fishing, value added (constant 2010 US$)",0
"Agriculture, forestry, and fishing, value added (constant LCU)",0
"Agriculture, forestry, and fishing, value added (current LCU)",0
"Agriculture, forestry, and fishing, value added (current US$)",0
"Agriculture, forestry, and fishing, value added per worker (constant 2010 US$)",0
"Air transport, freight (million ton-km)",0
"Air transport, passengers carried",0
"Air transport, registered carrier departures worldwide",0
Alternative and nuclear energy (% of total energy use),0
"Annual freshwater withdrawals, agriculture (% of total freshwater withdrawal)",0
"Annual freshwater withdrawals, domestic (% of total freshwater withdrawal)",0
"Annual freshwater withdrawals, industry (% of total freshwater withdrawal)",0
"Annual freshwater withdrawals, total (% of internal resources)",0
"Annual freshwater withdrawals, total (billion cubic meters)",0
"Annualized average growth rate in per capita real survey mean consumption or income, bottom 40% of population (%)",0
"Annualized average growth rate in per capita real survey mean consumption or income, total population (%)",0
Antiretroviral therapy coverage (% of people living with HIV),0
Antiretroviral therapy coverage for PMTCT (% of pregnant women living with HIV),0
Aquaculture production (metric tons),0
Arable land (% of land area),0
Arable land (hectares per person),0
Arable land (hectares),0
ARI treatment (% of children under 5 taken to a health provider),0
Armed forces personnel (% of total labor force),0
"Armed forces personnel, total",0
Arms exports (SIPRI trend indicator values),0
Arms imports (SIPRI trend indicator values),0
"Automated teller machines (ATMs) (per 100,000 adults)",0
Average number of visits or required meetings with tax officials (for affected firms),0
Average precipitation in depth (mm per year),0
Average time to clear exports through customs (days),0
Average transaction cost of sending remittances from a specific country (%),0
Average transaction cost of sending remittances to a specific country (%),0
"Average working hours of children, study and work, ages 7-14 (hours per week)",0
"Average working hours of children, study and work, female, ages 7-14 (hours per week)",0
"Average working hours of children, study and work, male, ages 7-14 (hours per week)",0
"Average working hours of children, working only, ages 7-14 (hours per week)",0
"Average working hours of children, working only, female, ages 7-14 (hours per week)",0
"Average working hours of children, working only, male, ages 7-14 (hours per week)",0
Bank capital to assets ratio (%),0
Bank liquid reserves to bank assets ratio (%),0
Bank nonperforming loans to total gross loans (%),0
Battle-related deaths (number of people),0
Benefit incidence of social insurance programs to poorest quintile (% of total social insurance benefits),0
Benefit incidence of social protection and labor programs to poorest quintile (% of total SPL benefits),0
Benefit incidence of social safety net programs to poorest quintile (% of total safety net benefits),0
Benefit incidence of unemployment benefits and ALMP to poorest quintile (% of total U/ALMP benefits),0
"Binding coverage, all products (%)",0
"Binding coverage, manufactured products (%)",0
"Binding coverage, primary products (%)",0
"Bird species, threatened",0
"Birth rate, crude (per 1,000 people)",0
Births attended by skilled health staff (% of total),0
"Borrowers from commercial banks (per 1,000 adults)",0
"Bound rate, simple mean, all products (%)",0
"Bound rate, simple mean, manufactured products (%)",0
"Bound rate, simple mean, primary products (%)",0
Bribery incidence (% of firms experiencing at least one bribe payment request),0
Broad money (% of GDP),0
Broad money (current LCU),0
Broad money growth (annual %),0
Broad money to total reserves ratio,0
"Burden of customs procedure, WEF (1=extremely inefficient to 7=extremely efficient)",0
Business extent of disclosure index (0=less disclosure to 10=more disclosure),0
Capture fisheries production (metric tons),0
"Cause of death, by communicable diseases and maternal, prenatal and nutrition conditions (% of total)",0
"Cause of death, by injury (% of total)",0
"Cause of death, by non-communicable diseases (% of total)",0
"Central government debt, total (% of GDP)",0
"Central government debt, total (current LCU)",0
Cereal production (metric tons),0
Cereal yield (kg per hectare),0
Changes in inventories (constant LCU),0
Changes in inventories (current LCU),0
Changes in inventories (current US$),0
"Charges for the use of intellectual property, payments (BoP, current US$)",0
"Charges for the use of intellectual property, receipts (BoP, current US$)",0
Chemicals (% of value added in manufacturing),0
Child employment in agriculture (% of economically active children ages 7-14),0
"Child employment in agriculture, female (% of female economically active children ages 7-14)",0
"Child employment in agriculture, male (% of male economically active children ages 7-14)",0
Child employment in manufacturing (% of economically active children ages 7-14),0
"Child employment in manufacturing, female (% of female economically active children ages 7-14)",0
"Child employment in manufacturing, male (% of male economically active children ages 7-14)",0
Child employment in services (% of economically active children ages 7-14),0
"Child employment in services, female (% of female economically active children ages 7-14)",0
"Child employment in services, male (% of male economically active children ages 7-14)",0
Children (0-14) living with HIV,0
Children (ages 0-14) newly infected with HIV,0
"Children in employment, female (% of female children ages 7-14)",0
"Children in employment, male (% of male children ages 7-14)",0
"Children in employment, self-employed (% of children in employment, ages 7-14)",0
"Children in employment, self-employed, female (% of female children in employment, ages 7-14)",0
"Children in employment, self-employed, male (% of male children in employment, ages 7-14)",0
"Children in employment, study and work (% of children in employment, ages 7-14)",0
"Children in employment, study and work, female (% of female children in employment, ages 7-14)",0
"Children in employment, study and work, male (% of male children in employment, ages 7-14)",0
"Children in employment, total (% of children ages 7-14)",0
"Children in employment, unpaid family workers (% of children in employment, ages 7-14)",0
"Children in employment, unpaid family workers, female (% of female children in employment, ages 7-14)",0
"Children in employment, unpaid family workers, male (% of male children in employment, ages 7-14)",0
"Children in employment, wage workers (% of children in employment, ages 7-14)",0
"Children in employment, wage workers, female (% of female children in employment, ages 7-14)",0
"Children in employment, wage workers, male (% of male children in employment, ages 7-14)",0
"Children in employment, work only (% of children in employment, ages 7-14)",0
"Children in employment, work only, female (% of female children in employment, ages 7-14)",0
"Children in employment, work only, male (% of male children in employment, ages 7-14)",0
Children out of school (% of primary school age),0
"Children out of school, female (% of female primary school age)",0
"Children out of school, male (% of male primary school age)",0
"Children out of school, primary",0
"Children out of school, primary, female",0
"Children out of school, primary, male",0
Children with fever receiving antimalarial drugs (% of children under age 5 with fever),0
Claims on central government (annual growth as % of broad money),0
"Claims on central government, etc. (% GDP)",0
Claims on other sectors of the domestic economy (% of GDP),0
Claims on other sectors of the domestic economy (annual growth as % of broad money),0
Claims on private sector (annual growth as % of broad money),0
CO2 emissions (kg per 2010 US$ of GDP),0
CO2 emissions (kg per 2011 PPP $ of GDP),0
CO2 emissions (kg per PPP $ of GDP),0
CO2 emissions (kt),0
CO2 emissions (metric tons per capita),0
"CO2 emissions from electricity and heat production, total (% of total fuel combustion)",0
CO2 emissions from gaseous fuel consumption (% of total),0
CO2 emissions from gaseous fuel consumption (kt),0
CO2 emissions from liquid fuel consumption (% of total),0
CO2 emissions from liquid fuel consumption (kt),0
CO2 emissions from manufacturing industries and construction (% of total fuel combustion),0
"CO2 emissions from other sectors, excluding residential buildings and commercial and public services (% of total fuel combustion)",0
CO2 emissions from residential buildings and commercial and public services (% of total fuel combustion),0
CO2 emissions from solid fuel consumption (% of total),0
CO2 emissions from solid fuel consumption (kt),0
CO2 emissions from transport (% of total fuel combustion),0
CO2 intensity (kg per kg of oil equivalent energy use),0
Coal rents (% of GDP),0
Combustible renewables and waste (% of total energy),0
"Commercial bank branches (per 100,000 adults)",0
"Commercial banks and other lending (PPG + PNG) (NFL, current US$)",0
Commercial service exports (current US$),0
Commercial service imports (current US$),0
"Communications, computer, etc. (% of service exports, BoP)",0
"Communications, computer, etc. (% of service imports, BoP)",0
"Community health workers (per 1,000 people)",0
Compensation of employees (% of expense),0
Compensation of employees (current LCU),0
Completeness of birth registration (%),0
"Completeness of birth registration, female (%)",0
"Completeness of birth registration, male (%)",0
"Completeness of birth registration, rural (%)",0
"Completeness of birth registration, urban (%)",0
Completeness of death registration with cause-of-death information (%),0
"Compulsory education, duration (years)",0
"Computer, communications and other services (% of commercial service exports)",0
"Computer, communications and other services (% of commercial service imports)",0
"Condom use, population ages 15-24, female (% of females ages 15-24)",0
"Condom use, population ages 15-24, male (% of males ages 15-24)",0
Consumer price index (2010 = 100),0
Consumption of iodized salt (% of households),0
Container port traffic (TEU: 20 foot equivalent units),0
"Contraceptive prevalence, any methods (% of women ages 15-49)",0
"Contraceptive prevalence, modern methods (% of women ages 15-49)",0
"Contributing family workers, female (% of female employment) (modeled ILO estimate)",0
"Contributing family workers, male (% of male employment) (modeled ILO estimate)",0
"Contributing family workers, total (% of total employment) (modeled ILO estimate)",0
Cost of business start-up procedures (% of GNI per capita),0
"Cost of business start-up procedures, female (% of GNI per capita)",0
"Cost of business start-up procedures, male (% of GNI per capita)",0
"Cost to export, border compliance (US$)",0
"Cost to export, documentary compliance (US$)",0
"Cost to import, border compliance (US$)",0
"Cost to import, documentary compliance (US$)",0
Coverage of social insurance programs (% of population),0
Coverage of social insurance programs in 2nd quintile (% of population),0
Coverage of social insurance programs in 3rd quintile (% of population),0
Coverage of social insurance programs in 4th quintile (% of population),0
Coverage of social insurance programs in poorest quintile (% of population),0
Coverage of social insurance programs in richest quintile (% of population),0
Coverage of social protection and labor programs (% of population),0
Coverage of social safety net programs (% of population),0
Coverage of social safety net programs in 2nd quintile (% of population),0
Coverage of social safety net programs in 3rd quintile (% of population),0
Coverage of social safety net programs in 4th quintile (% of population),0
Coverage of social safety net programs in poorest quintile (% of population),0
Coverage of social safety net programs in richest quintile (% of population),0
Coverage of unemployment benefits and ALMP (% of population),0
Coverage of unemployment benefits and ALMP in 2nd quintile (% of population),0
Coverage of unemployment benefits and ALMP in 3rd quintile (% of population),0
Coverage of unemployment benefits and ALMP in 4th quintile (% of population),0
Coverage of unemployment benefits and ALMP in poorest quintile (% of population),0
Coverage of unemployment benefits and ALMP in richest quintile (% of population),0
CPIA building human resources rating (1=low to 6=high),0
CPIA business regulatory environment rating (1=low to 6=high),0
CPIA debt policy rating (1=low to 6=high),0
CPIA economic management cluster average (1=low to 6=high),0
CPIA efficiency of revenue mobilization rating (1=low to 6=high),0
CPIA equity of public resource use rating (1=low to 6=high),0
CPIA financial sector rating (1=low to 6=high),0
CPIA fiscal policy rating (1=low to 6=high),0
CPIA gender equality rating (1=low to 6=high),0
CPIA macroeconomic management rating (1=low to 6=high),0
CPIA policies for social inclusion/equity cluster average (1=low to 6=high),0
CPIA policy and institutions for environmental sustainability rating (1=low to 6=high),0
CPIA property rights and rule-based governance rating (1=low to 6=high),0
CPIA public sector management and institutions cluster average (1=low to 6=high),0
CPIA quality of budgetary and financial management rating (1=low to 6=high),0
CPIA quality of public administration rating (1=low to 6=high),0
CPIA social protection rating (1=low to 6=high),0
CPIA structural policies cluster average (1=low to 6=high),0
CPIA trade rating (1=low to 6=high),0
"CPIA transparency, accountability, and corruption in the public sector rating (1=low to 6=high)",0
Crop production index (2004-2006 = 100),0
Current account balance (% of GDP),0
"Current account balance (BoP, current US$)",0
"Current education expenditure, primary (% of total expenditure in primary public institutions)",0
"Current education expenditure, secondary (% of total expenditure in secondary public institutions)",0
"Current education expenditure, tertiary (% of total expenditure in tertiary public institutions)",0
"Current education expenditure, total (% of total expenditure in public institutions)",0
Current health expenditure (% of GDP),0
Current health expenditure per capita (current US$),0
"Current health expenditure per capita, PPP (current international $)",0
Customs and other import duties (% of tax revenue),0
Customs and other import duties (current LCU),0
"Death rate, crude (per 1,000 people)",0
"Debt service (PPG and IMF only, % of exports of goods, services and primary income)",0
"Debt service on external debt, public and publicly guaranteed (PPG) (TDS, current US$)",0
"Debt service on external debt, total (TDS, current US$)",0
DEC alternative conversion factor (LCU per US$),0
Demand for family planning satisfied by modern methods (% of married women with demand for family planning),0
Deposit interest rate (%),0
"Depositors with commercial banks (per 1,000 adults)",0
Depth of credit information index (0=low to 8=high),0
Diabetes prevalence (% of population ages 20 to 79),0
Diarrhea treatment (% of children under 5 receiving oral rehydration and continued feeding),0
Diarrhea treatment (% of children under 5 who received ORS packet),0
Disaster risk reduction progress score (1-5 scale; 5=best),0
Discrepancy in expenditure estimate of GDP (constant LCU),0
Discrepancy in expenditure estimate of GDP (current LCU),0
Domestic credit provided by financial sector (% of GDP),0
Domestic credit to private sector (% of GDP),0
Domestic credit to private sector by banks (% of GDP),0
Domestic general government health expenditure (% of current health expenditure),0
Domestic general government health expenditure (% of GDP),0
Domestic general government health expenditure (% of general government expenditure),0
Domestic general government health expenditure per capita (current US$),0
"Domestic general government health expenditure per capita, PPP (current international $)",0
Domestic private health expenditure (% of current health expenditure),0
Domestic private health expenditure per capita (current US$),0
"Domestic private health expenditure per capita, PPP (current international $)",0
"Droughts, floods, extreme temperatures (% of population, average 1990-2009)",0
Ease of doing business index (1=most business-friendly regulations),0
Ease of doing business score (0 = lowest performance to 100 = best performance),0
"Educational attainment, at least Bachelor's or equivalent, population 25+, female (%) (cumulative)",0
"Educational attainment, at least Bachelor's or equivalent, population 25+, male (%) (cumulative)",0
"Educational attainment, at least Bachelor's or equivalent, population 25+, total (%) (cumulative)",0
"Educational attainment, at least completed lower secondary, population 25+, female (%) (cumulative)",0
"Educational attainment, at least completed lower secondary, population 25+, male (%) (cumulative)",0
"Educational attainment, at least completed lower secondary, population 25+, total (%) (cumulative)",0
"Educational attainment, at least completed post-secondary, population 25+, female (%) (cumulative)",0
"Educational attainment, at least completed post-secondary, population 25+, male (%) (cumulative)",0
"Educational attainment, at least completed post-secondary, population 25+, total (%) (cumulative)",0
"Educational attainment, at least completed primary, population 25+ years, female (%) (cumulative)",0
"Educational attainment, at least completed primary, population 25+ years, male (%) (cumulative)",0
"Educational attainment, at least completed primary, population 25+ years, total (%) (cumulative)",0
"Educational attainment, at least completed short-cycle tertiary, population 25+, female (%) (cumulative)",0
"Educational attainment, at least completed short-cycle tertiary, population 25+, male (%) (cumulative)",0
"Educational attainment, at least completed short-cycle tertiary, population 25+, total (%) (cumulative)",0
"Educational attainment, at least completed upper secondary, population 25+, female (%) (cumulative)",0
"Educational attainment, at least completed upper secondary, population 25+, male (%) (cumulative)",0
"Educational attainment, at least completed upper secondary, population 25+, total (%) (cumulative)",0
"Educational attainment, at least Master's or equivalent, population 25+, female (%) (cumulative)",0
"Educational attainment, at least Master's or equivalent, population 25+, male (%) (cumulative)",0
"Educational attainment, at least Master's or equivalent, population 25+, total (%) (cumulative)",0
"Educational attainment, Doctoral or equivalent, population 25+, female (%) (cumulative)",0
"Educational attainment, Doctoral or equivalent, population 25+, male (%) (cumulative)",0
"Educational attainment, Doctoral or equivalent, population 25+, total (%) (cumulative)",0
Electric power consumption (kWh per capita),0
Electric power transmission and distribution losses (% of output),0
Electricity production from coal sources (% of total),0
Electricity production from hydroelectric sources (% of total),0
Electricity production from natural gas sources (% of total),0
Electricity production from nuclear sources (% of total),0
Electricity production from oil sources (% of total),0
"Electricity production from oil, gas and coal sources (% of total)",0
"Electricity production from renewable sources, excluding hydroelectric (% of total)",0
"Electricity production from renewable sources, excluding hydroelectric (kWh)",0
"Employers, female (% of female employment) (modeled ILO estimate)",0
"Employers, male (% of male employment) (modeled ILO estimate)",0
"Employers, total (% of total employment) (modeled ILO estimate)",0
Employment in agriculture (% of total employment) (modeled ILO estimate),0
"Employment in agriculture, female (% of female employment) (modeled ILO estimate)",0
"Employment in agriculture, male (% of male employment) (modeled ILO estimate)",0
Employment in industry (% of total employment) (modeled ILO estimate),0
"Employment in industry, female (% of female employment) (modeled ILO estimate)",0
"Employment in industry, male (% of male employment) (modeled ILO estimate)",0
Employment in services (% of total employment) (modeled ILO estimate),0
"Employment in services, female (% of female employment) (modeled ILO estimate)",0
"Employment in services, male (% of male employment) (modeled ILO estimate)",0
"Employment to population ratio, 15+, female (%) (modeled ILO estimate)",0
"Employment to population ratio, 15+, female (%) (national estimate)",0
"Employment to population ratio, 15+, male (%) (modeled ILO estimate)",0
"Employment to population ratio, 15+, male (%) (national estimate)",0
"Employment to population ratio, 15+, total (%) (modeled ILO estimate)",0
"Employment to population ratio, 15+, total (%) (national estimate)",0
"Employment to population ratio, ages 15-24, female (%) (modeled ILO estimate)",0
"Employment to population ratio, ages 15-24, female (%) (national estimate)",0
"Employment to population ratio, ages 15-24, male (%) (modeled ILO estimate)",0
"Employment to population ratio, ages 15-24, male (%) (national estimate)",0
"Employment to population ratio, ages 15-24, total (%) (modeled ILO estimate)",0
"Employment to population ratio, ages 15-24, total (%) (national estimate)",0
"Energy imports, net (% of energy use)",0
Energy intensity level of primary energy (MJ/$2011 PPP GDP),0
Energy related methane emissions (% of total),0
Energy use (kg of oil equivalent per capita),0
"Energy use (kg of oil equivalent) per $1,000 GDP (constant 2011 PPP)",0
Exclusive breastfeeding (% of children under 6 months),0
Expenditure on primary education (% of government expenditure on education),0
Expenditure on secondary education (% of government expenditure on education),0
Expenditure on tertiary education (% of government expenditure on education),0
Expense (% of GDP),0
Expense (current LCU),0
Export unit value index (2000 = 100),0
Export value index (2000 = 100),0
Export volume index (2000 = 100),0
Exports as a capacity to import (constant LCU),0
Exports of goods and services (% of GDP),0
Exports of goods and services (annual % growth),0
"Exports of goods and services (BoP, current US$)",0
Exports of goods and services (constant 2010 US$),0
Exports of goods and services (constant LCU),0
Exports of goods and services (current LCU),0
Exports of goods and services (current US$),0
"Exports of goods, services and primary income (BoP, current US$)",0
External balance on goods and services (% of GDP),0
External balance on goods and services (constant LCU),0
External balance on goods and services (current LCU),0
External balance on goods and services (current US$),0
External debt stocks (% of GNI),0
"External debt stocks, long-term (DOD, current US$)",0
"External debt stocks, private nonguaranteed (PNG) (DOD, current US$)",0
"External debt stocks, public and publicly guaranteed (PPG) (DOD, current US$)",0
"External debt stocks, short-term (DOD, current US$)",0
"External debt stocks, total (DOD, current US$)",0
External health expenditure (% of current health expenditure),0
External health expenditure per capita (current US$),0
"External health expenditure per capita, PPP (current international $)",0
Female genital mutilation prevalence (%),0
Female headed households (% of households with a female head),0
Female share of employment in senior and middle management (%),0
"Fertility rate, total (births per woman)",0
Fertilizer consumption (% of fertilizer production),0
Fertilizer consumption (kilograms per hectare of arable land),0
Final consumption expenditure (% of GDP),0
Final consumption expenditure (annual % growth),0
Final consumption expenditure (constant 2010 US$),0
Final consumption expenditure (constant LCU),0
Final consumption expenditure (current LCU),0
Final consumption expenditure (current US$),0
Financial intermediary services indirectly Measured (FISIM) (constant LCU),0
Financial intermediary services indirectly Measured (FISIM) (current LCU),0
Firms competing against unregistered firms (% of firms),0
Firms expected to give gifts in meetings with tax officials (% of firms),0
Firms experiencing electrical outages (% of firms),0
Firms experiencing losses due to theft and vandalism (% of firms),0
Firms formally registered when operations started (% of firms),0
Firms offering formal training (% of firms),0
Firms that do not report all sales for tax purposes (% of firms),0
Firms that spend on R&D (% of firms),0
Firms using banks to finance investment (% of firms),0
Firms using banks to finance working capital (% of firms),0
Firms visited or required meetings with tax officials (% of firms),0
Firms with female participation in ownership (% of firms),0
Firms with female top manager (% of firms),0
"Fish species, threatened",0
Fixed broadband subscriptions,0
Fixed broadband subscriptions (per 100 people),0
Fixed telephone subscriptions,0
Fixed telephone subscriptions (per 100 people),0
Food exports (% of merchandise exports),0
Food imports (% of merchandise imports),0
Food production index (2004-2006 = 100),0
"Food, beverages and tobacco (% of value added in manufacturing)",0
"Foreign direct investment, net (BoP, current US$)",0
"Foreign direct investment, net inflows (% of GDP)",0
"Foreign direct investment, net inflows (BoP, current US$)",0
"Foreign direct investment, net outflows (% of GDP)",0
"Foreign direct investment, net outflows (BoP, current US$)",0
Forest area (% of land area),0
Forest area (sq. km),0
Forest rents (% of GDP),0
Fossil fuel energy consumption (% of total),0
Fuel exports (% of merchandise exports),0
Fuel imports (% of merchandise imports),0
GDP (constant 2010 US$),0
GDP (constant LCU),0
GDP (current LCU),0
GDP (current US$),0
GDP deflator (base year varies by country),0
GDP deflator: linked series (base year varies by country),0
GDP growth (annual %),0
GDP per capita (constant 2010 US$),0
GDP per capita (constant LCU),0
GDP per capita (current LCU),0
GDP per capita (current US$),0
GDP per capita growth (annual %),0
"GDP per capita, PPP (constant 2011 international $)",0
"GDP per capita, PPP (current international $)",0
GDP per person employed (constant 2011 PPP $),0
GDP per unit of energy use (constant 2011 PPP $ per kg of oil equivalent),0
GDP per unit of energy use (PPP $ per kg of oil equivalent),0
"GDP, PPP (constant 2011 international $)",0
"GDP, PPP (current international $)",0
GDP: linked series (current LCU),0
General government final consumption expenditure (% of GDP),0
General government final consumption expenditure (annual % growth),0
General government final consumption expenditure (constant 2010 US$),0
General government final consumption expenditure (constant LCU),0
General government final consumption expenditure (current LCU),0
General government final consumption expenditure (current US$),0
GHG net emissions/removals by LUCF (Mt of CO2 equivalent),0
GINI index (World Bank estimate),0
GNI (constant 2010 US$),0
GNI (constant LCU),0
GNI (current LCU),0
GNI (current US$),0
GNI growth (annual %),0
GNI per capita (constant 2010 US$),0
GNI per capita (constant LCU),0
GNI per capita (current LCU),0
GNI per capita growth (annual %),0
"GNI per capita, Atlas method (current US$)",0
"GNI per capita, PPP (constant 2011 international $)",0
"GNI per capita, PPP (current international $)",0
"GNI, Atlas method (current US$)",0
"GNI, PPP (constant 2011 international $)",0
"GNI, PPP (current international $)",0
Goods and services expense (% of expense),0
Goods and services expense (current LCU),0
"Goods exports (BoP, current US$)",0
"Goods imports (BoP, current US$)",0
"Government expenditure on education, total (% of GDP)",0
"Government expenditure on education, total (% of government expenditure)",0
"Government expenditure per student, primary (% of GDP per capita)",0
"Government expenditure per student, secondary (% of GDP per capita)",0
"Government expenditure per student, tertiary (% of GDP per capita)",0
Grants and other revenue (% of revenue),0
Grants and other revenue (current LCU),0
"Grants, excluding technical cooperation (BoP, current US$)",0
Gross capital formation (% of GDP),0
Gross capital formation (annual % growth),0
Gross capital formation (constant 2010 US$),0
Gross capital formation (constant LCU),0
Gross capital formation (current LCU),0
Gross capital formation (current US$),0
Gross domestic income (constant LCU),0
Gross domestic savings (% of GDP),0
Gross domestic savings (current LCU),0
Gross domestic savings (current US$),0
Gross fixed capital formation (% of GDP),0
Gross fixed capital formation (annual % growth),0
Gross fixed capital formation (constant 2010 US$),0
Gross fixed capital formation (constant LCU),0
Gross fixed capital formation (current LCU),0
Gross fixed capital formation (current US$),0
"Gross fixed capital formation, private sector (% of GDP)",0
"Gross fixed capital formation, private sector (current LCU)",0
"Gross intake ratio in first grade of primary education, female (% of relevant age group)",0
"Gross intake ratio in first grade of primary education, male (% of relevant age group)",0
"Gross intake ratio in first grade of primary education, total (% of relevant age group)",0
Gross national expenditure (% of GDP),0
Gross national expenditure (constant 2010 US$),0
Gross national expenditure (constant LCU),0
Gross national expenditure (current LCU),0
Gross national expenditure (current US$),0
Gross national expenditure deflator (base year varies by country),0
Gross savings (% of GDP),0
Gross savings (% of GNI),0
Gross savings (current LCU),0
Gross savings (current US$),0
Gross value added at basic prices (GVA) (constant 2010 US$),0
Gross value added at basic prices (GVA) (constant LCU),0
Gross value added at basic prices (GVA) (current LCU),0
Gross value added at basic prices (GVA) (current US$),0
HFC gas emissions (thousand metric tons of CO2 equivalent),0
High-technology exports (% of manufactured exports),0
High-technology exports (current US$),0
"Hospital beds (per 1,000 people)",0
Households and NPISHs final consumption expenditure (% of GDP),0
Households and NPISHs Final consumption expenditure (annual % growth),0
Households and NPISHs Final consumption expenditure (constant 2010 US$),0
Households and NPISHs Final consumption expenditure (constant LCU),0
Households and NPISHs Final consumption expenditure (current LCU),0
Households and NPISHs Final consumption expenditure (current US$),0
Households and NPISHs Final consumption expenditure per capita (constant 2010 US$),0
Households and NPISHs Final consumption expenditure per capita growth (annual %),0
"Households and NPISHs Final consumption expenditure, PPP (constant 2011 international $)",0
"Households and NPISHs Final consumption expenditure, PPP (current international $)",0
Human capital index (HCI) (scale 0-1),0
"Human capital index (HCI), female (scale 0-1)",0
"Human capital index (HCI), female, lower bound (scale 0-1)",0
"Human capital index (HCI), female, upper bound (scale 0-1)",0
"Human capital index (HCI), lower bound (scale 0-1)",0
"Human capital index (HCI), male (scale 0-1)",0
"Human capital index (HCI), male, lower bound (scale 0-1)",0
"Human capital index (HCI), male, upper bound (scale 0-1)",0
"Human capital index (HCI), upper bound (scale 0-1)",0
"IBRD loans and IDA credits (DOD, current US$)",0
ICT goods exports (% of total goods exports),0
ICT goods imports (% total goods imports),0
"ICT service exports (% of service exports, BoP)",0
"ICT service exports (BoP, current US$)",0
IDA resource allocation index (1=low to 6=high),0
"IFC, private nonguaranteed (NFL, current US$)",0
"IMF repurchases and charges (TDS, current US$)",0
"Immunization, DPT (% of children ages 12-23 months)",0
"Immunization, HepB3 (% of one-year-old children)",0
"Immunization, measles (% of children ages 12-23 months)",0
Import unit value index (2000 = 100),0
Import value index (2000 = 100),0
Import volume index (2000 = 100),0
Imports of goods and services (% of GDP),0
Imports of goods and services (annual % growth),0
"Imports of goods and services (BoP, current US$)",0
Imports of goods and services (constant 2010 US$),0
Imports of goods and services (constant LCU),0
Imports of goods and services (current LCU),0
Imports of goods and services (current US$),0
"Imports of goods, services and primary income (BoP, current US$)",0
"Incidence of HIV (per 1,000 uninfected population ages 15-49)",0
"Incidence of malaria (per 1,000 population at risk)",0
"Incidence of tuberculosis (per 100,000 people)",0
Income share held by fourth 20%,0
Income share held by highest 10%,0
Income share held by highest 20%,0
Income share held by lowest 10%,0
Income share held by lowest 20%,0
Income share held by second 20%,0
Income share held by third 20%,0
Increase in poverty gap at $1.90 ($ 2011 PPP) poverty line due to out-of-pocket health care expenditure (% of poverty line),0
Increase in poverty gap at $1.90 ($ 2011 PPP) poverty line due to out-of-pocket health care expenditure (USD),0
Increase in poverty gap at $3.20 ($ 2011 PPP) poverty line due to out-of-pocket health care expenditure (% of poverty line),0
Increase in poverty gap at $3.20 ($ 2011 PPP) poverty line due to out-of-pocket health care expenditure (USD),0
Individuals using the Internet (% of population),0
"Industrial design applications, nonresident, by count",0
"Industrial design applications, resident, by count",0
"Industry (including construction), value added (% of GDP)",0
"Industry (including construction), value added (annual % growth)",0
"Industry (including construction), value added (constant 2010 US$)",0
"Industry (including construction), value added (constant LCU)",0
"Industry (including construction), value added (current LCU)",0
"Industry (including construction), value added (current US$)",0
"Industry (including construction), value added per worker (constant 2010 US$)",0
"Inflation, consumer prices (annual %)",0
"Inflation, GDP deflator (annual %)",0
"Inflation, GDP deflator: linked series (annual %)",0
Informal employment (% of total non-agricultural employment),0
"Informal employment, female (% of total non-agricultural employment)",0
"Informal employment, male (% of total non-agricultural employment)",0
Informal payments to public officials (% of firms),0
Insurance and financial services (% of commercial service exports),0
Insurance and financial services (% of commercial service imports),0
"Insurance and financial services (% of service exports, BoP)",0
"Insurance and financial services (% of service imports, BoP)",0
"Intentional homicides (per 100,000 people)",0
"Intentional homicides, female (per 100,000 female)",0
"Intentional homicides, male (per 100,000 male)",0
Interest payments (% of expense),0
Interest payments (% of revenue),0
Interest payments (current LCU),0
"Interest rate spread (lending rate minus deposit rate, %)",0
"Internally displaced persons, new displacement associated with conflict and violence (number of cases)",0
"Internally displaced persons, new displacement associated with disasters (number of cases)",0
"Internally displaced persons, total displaced by conflict and violence (number of people)",0
International migrant stock (% of population),0
"International migrant stock, total",0
"International tourism, expenditures (% of total imports)",0
"International tourism, expenditures (current US$)",0
"International tourism, expenditures for passenger transport items (current US$)",0
"International tourism, expenditures for travel items (current US$)",0
"International tourism, number of arrivals",0
"International tourism, number of departures",0
"International tourism, receipts (% of total exports)",0
"International tourism, receipts (current US$)",0
"International tourism, receipts for passenger transport items (current US$)",0
"International tourism, receipts for travel items (current US$)",0
Investment in energy with private participation (current US$),0
Investment in ICT with private participation (current US$),0
Investment in transport with private participation (current US$),0
Investment in water and sanitation with private participation (current US$),0
"Labor force participation rate for ages 15-24, female (%) (modeled ILO estimate)",0
"Labor force participation rate for ages 15-24, female (%) (national estimate)",0
"Labor force participation rate for ages 15-24, male (%) (modeled ILO estimate)",0
"Labor force participation rate for ages 15-24, male (%) (national estimate)",0
"Labor force participation rate for ages 15-24, total (%) (modeled ILO estimate)",0
"Labor force participation rate for ages 15-24, total (%) (national estimate)",0
"Labor force participation rate, female (% of female population ages 15+) (modeled ILO estimate)",0
"Labor force participation rate, female (% of female population ages 15+) (national estimate)",0
"Labor force participation rate, female (% of female population ages 15-64) (modeled ILO estimate)",0
"Labor force participation rate, male (% of male population ages 15+) (modeled ILO estimate)",0
"Labor force participation rate, male (% of male population ages 15+) (national estimate)",0
"Labor force participation rate, male (% of male population ages 15-64) (modeled ILO estimate)",0
"Labor force participation rate, total (% of total population ages 15+) (modeled ILO estimate)",0
"Labor force participation rate, total (% of total population ages 15+) (national estimate)",0
"Labor force participation rate, total (% of total population ages 15-64) (modeled ILO estimate)",0
Labor force with advanced education (% of total working-age population with advanced education),0
"Labor force with advanced education, female (% of female working-age population with advanced education)",0
"Labor force with advanced education, male (% of male working-age population with advanced education)",0
Labor force with basic education (% of total working-age population with basic education),0
"Labor force with basic education, female (% of female working-age population with basic education)",0
"Labor force with basic education, male (% of male working-age population with basic education)",0
Labor force with intermediate education (% of total working-age population with intermediate education),0
"Labor force with intermediate education, female (% of female working-age population with intermediate education)",0
"Labor force with intermediate education, male (% of male working-age population with intermediate education)",0
"Labor force, female (% of total labor force)",0
"Labor force, total",0
Labor tax and contributions (% of commercial profits),0
Land area (sq. km),0
Land area where elevation is below 5 meters (% of total land area),0
Land under cereal production (hectares),0
Law mandates equal remuneration for females and males for work of equal value (1=yes; 0=no),0
Law mandates nondiscrimination based on gender in hiring (1=yes; 0=no),0
Law mandates paid or unpaid maternity leave (1=yes; 0=no),0
Law prohibits or invalidates child or early marriage (1=yes; 0=no),0
"Lead time to export, median case (days)",0
"Lead time to import, median case (days)",0
Legislation exists on domestic violence (1=yes; 0=no),0
Lending interest rate (%),0
Level of water stress: freshwater withdrawal as a proportion of available freshwater resources,0
"Life expectancy at birth, female (years)",0
"Life expectancy at birth, male (years)",0
"Life expectancy at birth, total (years)",0
Lifetime risk of maternal death (%),0
Lifetime risk of maternal death (1 in: rate varies by country),0
Liner shipping connectivity index (maximum value in 2004 = 100),0
"Listed domestic companies, total",0
"Literacy rate, adult female (% of females ages 15 and above)",0
"Literacy rate, adult male (% of males ages 15 and above)",0
"Literacy rate, adult total (% of people ages 15 and above)",0
"Literacy rate, youth (ages 15-24), gender parity index (GPI)",0
"Literacy rate, youth female (% of females ages 15-24)",0
"Literacy rate, youth male (% of males ages 15-24)",0
"Literacy rate, youth total (% of people ages 15-24)",0
Livestock production index (2004-2006 = 100),0
Logistics performance index: Ability to track and trace consignments (1=low to 5=high),0
Logistics performance index: Competence and quality of logistics services (1=low to 5=high),0
Logistics performance index: Ease of arranging competitively priced shipments (1=low to 5=high),0
Logistics performance index: Efficiency of customs clearance process (1=low to 5=high),0
Logistics performance index: Frequency with which shipments reach consignee within scheduled or expected time (1=low to 5=high),0
Logistics performance index: Overall (1=low to 5=high),0
Logistics performance index: Quality of trade and transport-related infrastructure (1=low to 5=high),0
Losses due to theft and vandalism (% of annual sales of affected firms),0
Low-birthweight babies (% of births),0
"Lower secondary completion rate, female (% of relevant age group)",0
"Lower secondary completion rate, male (% of relevant age group)",0
"Lower secondary completion rate, total (% of relevant age group)",0
Lower secondary school starting age (years),0
Machinery and transport equipment (% of value added in manufacturing),0
"Mammal species, threatened",0
Manufactures exports (% of merchandise exports),0
Manufactures imports (% of merchandise imports),0
"Manufacturing, value added (% of GDP)",0
"Manufacturing, value added (annual % growth)",0
"Manufacturing, value added (constant 2010 US$)",0
"Manufacturing, value added (constant LCU)",0
"Manufacturing, value added (current LCU)",0
"Manufacturing, value added (current US$)",0
Marine protected areas (% of territorial waters),0
Market capitalization of listed domestic companies (% of GDP),0
Market capitalization of listed domestic companies (current US$),0
"Maternal mortality ratio (modeled estimate, per 100,000 live births)",0
"Maternal mortality ratio (national estimate, per 100,000 live births)",0
Medium and high-tech exports (% manufactured exports),0
Medium and high-tech Industry (including construction) (% manufacturing value added),0
Merchandise exports (current US$),0
Merchandise exports by the reporting economy (current US$),0
"Merchandise exports by the reporting economy, residual (% of total merchandise exports)",0
Merchandise exports to economies in the Arab World (% of total merchandise exports),0
Merchandise exports to high-income economies (% of total merchandise exports),0
Merchandise exports to low- and middle-income economies in East Asia & Pacific (% of total merchandise exports),0
Merchandise exports to low- and middle-income economies in Europe & Central Asia (% of total merchandise exports),0
Merchandise exports to low- and middle-income economies in Latin America & the Caribbean (% of total merchandise exports),0
Merchandise exports to low- and middle-income economies in Middle East & North Africa (% of total merchandise exports),0
Merchandise exports to low- and middle-income economies in South Asia (% of total merchandise exports),0
Merchandise exports to low- and middle-income economies in Sub-Saharan Africa (% of total merchandise exports),0
Merchandise exports to low- and middle-income economies outside region (% of total merchandise exports),0
Merchandise exports to low- and middle-income economies within region (% of total merchandise exports),0
Merchandise imports (current US$),0
Merchandise imports by the reporting economy (current US$),0
"Merchandise imports by the reporting economy, residual (% of total merchandise imports)",0
Merchandise imports from economies in the Arab World (% of total merchandise imports),0
Merchandise imports from high-income economies (% of total merchandise imports),0
Merchandise imports from low- and middle-income economies in East Asia & Pacific (% of total merchandise imports),0
Merchandise imports from low- and middle-income economies in Europe & Central Asia (% of total merchandise imports),0
Merchandise imports from low- and middle-income economies in Latin America & the Caribbean (% of total merchandise imports),0
Merchandise imports from low- and middle-income economies in Middle East & North Africa (% of total merchandise imports),0
Merchandise imports from low- and middle-income economies in South Asia (% of total merchandise imports),0
Merchandise imports from low- and middle-income economies in Sub-Saharan Africa (% of total merchandise imports),0
Merchandise imports from low- and middle-income economies outside region (% of total merchandise imports),0
Merchandise imports from low- and middle-income economies within region (% of total merchandise imports),0
Merchandise trade (% of GDP),0
Methane emissions (% change from 1990),0
Methane emissions (kt of CO2 equivalent),0
Methane emissions in energy sector (thousand metric tons of CO2 equivalent),0
Methodology assessment of statistical capacity (scale 0 - 100),0
Military expenditure (% of GDP),0
Military expenditure (% of general government expenditure),0
Military expenditure (current LCU),0
Military expenditure (current USD),0
Mineral rents (% of GDP),0
Mobile cellular subscriptions,0
Mobile cellular subscriptions (per 100 people),0
"Mortality caused by road traffic injury (per 100,000 people)",0
"Mortality from CVD, cancer, diabetes or CRD between exact ages 30 and 70 (%)",0
"Mortality from CVD, cancer, diabetes or CRD between exact ages 30 and 70, female (%)",0
"Mortality from CVD, cancer, diabetes or CRD between exact ages 30 and 70, male (%)",0
"Mortality rate attributed to household and ambient air pollution, age-standardized (per 100,000 population)",0
"Mortality rate attributed to household and ambient air pollution, age-standardized, female (per 100,000 female population)",0
"Mortality rate attributed to household and ambient air pollution, age-standardized, male (per 100,000 male population)",0
"Mortality rate attributed to unintentional poisoning (per 100,000 population)",0
"Mortality rate attributed to unintentional poisoning, female (per 100,000 female population)",0
"Mortality rate attributed to unintentional poisoning, male (per 100,000 male population)",0
"Mortality rate attributed to unsafe water, unsafe sanitation and lack of hygiene (per 100,000 population)",0
"Mortality rate, adult, female (per 1,000 female adults)",0
"Mortality rate, adult, male (per 1,000 male adults)",0
"Mortality rate, infant (per 1,000 live births)",0
"Mortality rate, infant, female (per 1,000 live births)",0
"Mortality rate, infant, male (per 1,000 live births)",0
"Mortality rate, neonatal (per 1,000 live births)",0
"Mortality rate, under-5 (per 1,000 live births)",0
"Mortality rate, under-5, female (per 1,000 live births)",0
"Mortality rate, under-5, male (per 1,000 live births)",0
Mothers are guaranteed an equivalent position after maternity leave (1=yes; 0=no),0
Multilateral debt service (% of public and publicly guaranteed debt service),0
"Multilateral debt service (TDS, current US$)",0
Natural gas rents (% of GDP),0
Net acquisition of financial assets (% of GDP),0
Net acquisition of financial assets (current LCU),0
Net barter terms of trade index (2000 = 100),0
"Net bilateral aid flows from DAC donors, Australia (current US$)",0
"Net bilateral aid flows from DAC donors, Austria (current US$)",0
"Net bilateral aid flows from DAC donors, Belgium (current US$)",0
"Net bilateral aid flows from DAC donors, Canada (current US$)",0
"Net bilateral aid flows from DAC donors, Czech Republic (current US$)",0
"Net bilateral aid flows from DAC donors, Denmark (current US$)",0
"Net bilateral aid flows from DAC donors, European Union institutions (current US$)",0
"Net bilateral aid flows from DAC donors, Finland (current US$)",0
"Net bilateral aid flows from DAC donors, France (current US$)",0
"Net bilateral aid flows from DAC donors, Germany (current US$)",0
"Net bilateral aid flows from DAC donors, Greece (current US$)",0
"Net bilateral aid flows from DAC donors, Iceland (current US$)",0
"Net bilateral aid flows from DAC donors, Ireland (current US$)",0
"Net bilateral aid flows from DAC donors, Italy (current US$)",0
"Net bilateral aid flows from DAC donors, Japan (current US$)",0
"Net bilateral aid flows from DAC donors, Korea, Rep. (current US$)",0
"Net bilateral aid flows from DAC donors, Luxembourg (current US$)",0
"Net bilateral aid flows from DAC donors, Netherlands (current US$)",0
"Net bilateral aid flows from DAC donors, New Zealand (current US$)",0
"Net bilateral aid flows from DAC donors, Norway (current US$)",0
"Net bilateral aid flows from DAC donors, Poland (current US$)",0
"Net bilateral aid flows from DAC donors, Portugal (current US$)",0
"Net bilateral aid flows from DAC donors, Slovak Republic (current US$)",0
"Net bilateral aid flows from DAC donors, Slovenia (current US$)",0
"Net bilateral aid flows from DAC donors, Spain (current US$)",0
"Net bilateral aid flows from DAC donors, Sweden (current US$)",0
"Net bilateral aid flows from DAC donors, Switzerland (current US$)",0
"Net bilateral aid flows from DAC donors, Total (current US$)",0
"Net bilateral aid flows from DAC donors, United Kingdom (current US$)",0
"Net bilateral aid flows from DAC donors, United States (current US$)",0
"Net capital account (BoP, current US$)",0
Net domestic credit (current LCU),0
"Net errors and omissions (BoP, current US$)",0
"Net financial account (BoP, current US$)",0
"Net financial flows, bilateral (NFL, current US$)",0
"Net financial flows, IBRD (NFL, current US$)",0
"Net financial flows, IDA (NFL, current US$)",0
"Net financial flows, IMF concessional (NFL, current US$)",0
"Net financial flows, IMF nonconcessional (NFL, current US$)",0
"Net financial flows, multilateral (NFL, current US$)",0
"Net financial flows, others (NFL, current US$)",0
"Net financial flows, RDB concessional (NFL, current US$)",0
"Net financial flows, RDB nonconcessional (NFL, current US$)",0
"Net flows on external debt, private nonguaranteed (PNG) (NFL, current US$)",0
Net foreign assets (current LCU),0
"Net incurrence of liabilities, total (% of GDP)",0
"Net incurrence of liabilities, total (current LCU)",0
Net intake rate in grade 1 (% of official school-age population),0
"Net intake rate in grade 1, female (% of official school-age population)",0
"Net intake rate in grade 1, male (% of official school-age population)",0
Net investment in nonfinancial assets (% of GDP),0
Net investment in nonfinancial assets (current LCU),0
Net lending (+) / net borrowing (-) (% of GDP),0
Net lending (+) / net borrowing (-) (current LCU),0
Net migration,0
Net ODA provided to the least developed countries (% of GNI),0
"Net ODA provided, to the least developed countries (current US$)",0
"Net ODA provided, total (% of GNI)",0
"Net ODA provided, total (constant 2015 US$)",0
"Net ODA provided, total (current US$)",0
Net ODA received (% of central government expense),0
Net ODA received (% of GNI),0
Net ODA received (% of gross capital formation),0
"Net ODA received (% of imports of goods, services and primary income)",0
Net ODA received per capita (current US$),0
Net official aid received (constant 2015 US$),0
Net official aid received (current US$),0
Net official development assistance and official aid received (constant 2015 US$),0
Net official development assistance and official aid received (current US$),0
Net official development assistance received (constant 2015 US$),0
Net official development assistance received (current US$),0
"Net official flows from UN agencies, FAO (current US$)",0
"Net official flows from UN agencies, IAEA (current US$)",0
"Net official flows from UN agencies, IFAD (current US$)",0
"Net official flows from UN agencies, ILO (current US$)",0
"Net official flows from UN agencies, UNAIDS (current US$)",0
"Net official flows from UN agencies, UNDP (current US$)",0
"Net official flows from UN agencies, UNECE (current US$)",0
"Net official flows from UN agencies, UNFPA (current US$)",0
"Net official flows from UN agencies, UNHCR (current US$)",0
"Net official flows from UN agencies, UNICEF (current US$)",0
"Net official flows from UN agencies, UNPBF (current US$)",0
"Net official flows from UN agencies, UNRWA (current US$)",0
"Net official flows from UN agencies, UNTA (current US$)",0
"Net official flows from UN agencies, UNWTO (current US$)",0
"Net official flows from UN agencies, WFP (current US$)",0
"Net official flows from UN agencies, WHO (current US$)",0
"Net primary income (BoP, current US$)",0
Net primary income (Net income from abroad) (constant LCU),0
Net primary income (Net income from abroad) (current LCU),0
Net primary income (Net income from abroad) (current US$),0
"Net secondary income (BoP, current US$)",0
Net secondary income (Net current transfers from abroad) (constant LCU),0
Net secondary income (Net current transfers from abroad) (current LCU),0
Net secondary income (Net current transfers from abroad) (current US$),0
"Net trade in goods (BoP, current US$)",0
"Net trade in goods and services (BoP, current US$)",0
"New business density (new registrations per 1,000 people ages 15-64)",0
New businesses registered (number),0
Newborns protected against tetanus (%),0
Nitrous oxide emissions (% change from 1990),0
Nitrous oxide emissions (thousand metric tons of CO2 equivalent),0
Nitrous oxide emissions in energy sector (% of total),0
Nitrous oxide emissions in energy sector (thousand metric tons of CO2 equivalent),0
Nondiscrimination clause mentions gender in the constitution (1=yes; 0=no),0
Nonpregnant and nonnursing women can do the same jobs as men (1=yes; 0=no),0
Number of deaths ages 5-14 years,0
Number of infant deaths,0
Number of maternal deaths,0
Number of neonatal deaths,0
Number of people pushed below the $1.90 ($ 2011 PPP) poverty line by out-of-pocket health care expenditure,0
Number of people pushed below the $3.20 ($ 2011 PPP) poverty line by out-of-pocket health care expenditure,0
Number of people spending more than 10% of household consumption or income on out-of-pocket health care expenditure,0
Number of people spending more than 25% of household consumption or income on out-of-pocket health care expenditure,0
"Number of surgical procedures (per 100,000 population)",0
Number of under-five deaths,0
"Nurses and midwives (per 1,000 people)",0
"Official exchange rate (LCU per US$, period average)",0
Oil rents (% of GDP),0
Ores and metals exports (% of merchandise exports),0
Ores and metals imports (% of merchandise imports),0
Other expense (% of expense),0
Other expense (current LCU),0
Other greenhouse gas emissions (% change from 1990),0
"Other greenhouse gas emissions, HFC, PFC and SF6 (thousand metric tons of CO2 equivalent)",0
Other manufacturing (% of value added in manufacturing),0
Other taxes (% of revenue),0
Other taxes (current LCU),0
Other taxes payable by businesses (% of commercial profits),0
Out-of-pocket expenditure (% of current health expenditure),0
Out-of-pocket expenditure per capita (current US$),0
"Out-of-pocket expenditure per capita, PPP (current international $)",0
"Over-age students, primary (% of enrollment)",0
"Over-age students, primary, female (% of female enrollment)",0
"Over-age students, primary, male (% of male enrollment)",0
"Part time employment, female (% of total female employment)",0
"Part time employment, male (% of total male employment)",0
"Part time employment, total (% of total employment)",0
"Patent applications, nonresidents",0
"Patent applications, residents",0
People practicing open defecation (% of population),0
"People practicing open defecation, rural (% of rural population)",0
"People practicing open defecation, urban (% of urban population)",0
People using at least basic drinking water services (% of population),0
"People using at least basic drinking water services, rural (% of rural population)",0
"People using at least basic drinking water services, urban (% of urban population)",0
People using at least basic sanitation services (% of population),0
"People using at least basic sanitation services, rural (% of rural population)",0
"People using at least basic sanitation services, urban (% of urban population)",0
People using safely managed drinking water services (% of population),0
"People using safely managed drinking water services, rural (% of rural population)",0
"People using safely managed drinking water services, urban (% of urban population)",0
People using safely managed sanitation services (% of population),0
"People using safely managed sanitation services, rural (% of rural population)",0
"People using safely managed sanitation services, urban (% of urban population)",0
People with basic handwashing facilities including soap and water (% of population),0
"People with basic handwashing facilities including soap and water, rural (% of rural population)",0
"People with basic handwashing facilities including soap and water, urban (% of urban population)",0
Periodicity and timeliness assessment of statistical capacity (scale 0 - 100),0
Permanent cropland (% of land area),0
"Persistence to grade 5, female (% of cohort)",0
"Persistence to grade 5, male (% of cohort)",0
"Persistence to grade 5, total (% of cohort)",0
"Persistence to last grade of primary, female (% of cohort)",0
"Persistence to last grade of primary, male (% of cohort)",0
"Persistence to last grade of primary, total (% of cohort)",0
"Personal remittances, paid (current US$)",0
"Personal remittances, received (% of GDP)",0
"Personal remittances, received (current US$)",0
"Personal transfers, receipts (BoP, current US$)",0
PFC gas emissions (thousand metric tons of CO2 equivalent),0
"Physicians (per 1,000 people)",0
"Plant species (higher), threatened",0
"PM2.5 air pollution, mean annual exposure (micrograms per cubic meter)",0
"PM2.5 air pollution, population exposed to levels exceeding WHO guideline value (% of total)",0
"PM2.5 pollution, population exposed to levels exceeding WHO Interim Target-1 value (% of total)",0
"PM2.5 pollution, population exposed to levels exceeding WHO Interim Target-2 value (% of total)",0
"PM2.5 pollution, population exposed to levels exceeding WHO Interim Target-3 value (% of total)",0
"PNG, bonds (NFL, current US$)",0
"PNG, commercial banks and other creditors (NFL, current US$)",0
"Population ages 00-04, female (% of female population)",0
"Population ages 00-04, male (% of male population)",0
Population ages 0-14 (% of total population),0
"Population ages 0-14, female",0
"Population ages 0-14, female (% of female population)",0
"Population ages 0-14, male",0
"Population ages 0-14, male (% of male population)",0
"Population ages 0-14, total",0
"Population ages 05-09, female (% of female population)",0
"Population ages 05-09, male (% of male population)",0
"Population ages 10-14, female (% of female population)",0
"Population ages 10-14, male (% of male population)",0
"Population ages 15-19, female (% of female population)",0
"Population ages 15-19, male (% of male population)",0
Population ages 15-64 (% of total population),0
"Population ages 15-64, female",0
"Population ages 15-64, female (% of female population)",0
"Population ages 15-64, male",0
"Population ages 15-64, male (% of male population)",0
"Population ages 15-64, total",0
"Population ages 20-24, female (% of female population)",0
"Population ages 20-24, male (% of male population)",0
"Population ages 25-29, female (% of female population)",0
"Population ages 25-29, male (% of male population)",0
"Population ages 30-34, female (% of female population)",0
"Population ages 30-34, male (% of male population)",0
"Population ages 35-39, female (% of female population)",0
"Population ages 35-39, male (% of male population)",0
"Population ages 40-44, female (% of female population)",0
"Population ages 40-44, male (% of male population)",0
"Population ages 45-49, female (% of female population)",0
"Population ages 45-49, male (% of male population)",0
"Population ages 50-54, female (% of female population)",0
"Population ages 50-54, male (% of male population)",0
"Population ages 55-59, female (% of female population)",0
"Population ages 55-59, male (% of male population)",0
"Population ages 60-64, female (% of female population)",0
"Population ages 60-64, male (% of male population)",0
Population ages 65 and above (% of total population),0
"Population ages 65 and above, female",0
"Population ages 65 and above, female (% of female population)",0
"Population ages 65 and above, male",0
"Population ages 65 and above, male (% of male population)",0
"Population ages 65 and above, total",0
"Population ages 65-69, female (% of female population)",0
"Population ages 65-69, male (% of male population)",0
"Population ages 70-74, female (% of female population)",0
"Population ages 70-74, male (% of male population)",0
"Population ages 75-79, female (% of female population)",0
"Population ages 75-79, male (% of male population)",0
"Population ages 80 and above, female (% of female population)",0
"Population ages 80 and above, male (% of male population)",0
Population density (people per sq. km of land area),0
Population growth (annual %),0
Population in largest city,0
Population in the largest city (% of urban population),0
Population in urban agglomerations of more than 1 million,0
Population in urban agglomerations of more than 1 million (% of total population),0
Population living in areas where elevation is below 5 meters (% of total population),0
Population living in slums (% of urban population),0
"Population, female",0
"Population, female (% of total population)",0
"Population, male",0
"Population, male (% of total population)",0
"Population, total",0
"Portfolio equity, net inflows (BoP, current US$)",0
"Portfolio investment, bonds (PPG + PNG) (NFL, current US$)",0
"Portfolio investment, net (BoP, current US$)",0
Poverty gap at $1.90 a day (2011 PPP) (%),0
Poverty gap at $3.20 a day (2011 PPP) (%),0
Poverty gap at $5.50 a day (2011 PPP) (%),0
Poverty gap at national poverty lines (%),0
Poverty headcount ratio at $1.90 a day (2011 PPP) (% of population),0
Poverty headcount ratio at $3.20 a day (2011 PPP) (% of population),0
Poverty headcount ratio at $5.50 a day (2011 PPP) (% of population),0
Poverty headcount ratio at national poverty lines (% of population),0
Power outages in firms in a typical month (number),0
"PPG, bonds (NFL, current US$)",0
"PPG, commercial banks (NFL, current US$)",0
"PPG, IBRD (DOD, current US$)",0
"PPG, IDA (DOD, current US$)",0
"PPG, official creditors (NFL, current US$)",0
"PPG, other private creditors (NFL, current US$)",0
"PPG, private creditors (NFL, current US$)",0
"PPP conversion factor, GDP (LCU per international $)",0
"PPP conversion factor, private consumption (LCU per international $)",0
Pregnant women receiving prenatal care (%),0
"Preprimary education, duration (years)",0
"Presence of peace keepers (number of troops, police, and military observers in mandate)",0
"Present value of external debt (% of exports of goods, services and primary income)",0
Present value of external debt (% of GNI),0
Present value of external debt (current US$),0
Prevalence of anemia among children (% of children under 5),0
Prevalence of anemia among non-pregnant women (% of women ages 15-49),0
Prevalence of anemia among pregnant women (%),0
Prevalence of anemia among women of reproductive age (% of women ages 15-49),0
"Prevalence of HIV, female (% ages 15-24)",0
"Prevalence of HIV, male (% ages 15-24)",0
"Prevalence of HIV, total (% of population ages 15-49)",0
"Prevalence of overweight, weight for height (% of children under 5)",0
"Prevalence of overweight, weight for height, female (% of children under 5)",0
"Prevalence of overweight, weight for height, male (% of children under 5)",0
"Prevalence of severe wasting, weight for height (% of children under 5)",0
"Prevalence of severe wasting, weight for height, female (% of children under 5)",0
"Prevalence of severe wasting, weight for height, male (% of children under 5)",0
"Prevalence of stunting, height for age (% of children under 5)",0
"Prevalence of stunting, height for age, female (% of children under 5)",0
"Prevalence of stunting, height for age, male (% of children under 5)",0
Prevalence of undernourishment (% of population),0
"Prevalence of underweight, weight for age (% of children under 5)",0
"Prevalence of underweight, weight for age, female (% of children under 5)",0
"Prevalence of underweight, weight for age, male (% of children under 5)",0
"Prevalence of wasting, weight for height (% of children under 5)",0
"Prevalence of wasting, weight for height, female (% of children under 5)",0
"Prevalence of wasting, weight for height, male (% of children under 5)",0
Price level ratio of PPP conversion factor (GDP) to market exchange rate,0
"Primary completion rate, female (% of relevant age group)",0
"Primary completion rate, male (% of relevant age group)",0
"Primary completion rate, total (% of relevant age group)",0
"Primary education, duration (years)",0
"Primary education, pupils",0
"Primary education, pupils (% female)",0
"Primary education, teachers",0
"Primary education, teachers (% female)",0
Primary government expenditures as a proportion of original approved budget (%),0
"Primary income payments (BoP, current US$)",0
"Primary income receipts (BoP, current US$)",0
Primary school starting age (years),0
Private credit bureau coverage (% of adults),0
"Probability of dying at age 5-14 years (per 1,000 children age 5)",0
Procedures to build a warehouse (number),0
Procedures to register property (number),0
Profit tax (% of commercial profits),0
Progression to secondary school (%),0
"Progression to secondary school, female (%)",0
"Progression to secondary school, male (%)",0
Proportion of population pushed below the $1.90 ($ 2011 PPP) poverty line by out-of-pocket health care expenditure (%),0
Proportion of population pushed below the $3.20 ($ 2011 PPP) poverty line by out-of-pocket health care expenditure (%),0
Proportion of population spending more than 10% of household consumption or income on out-of-pocket health care expenditure (%),0
Proportion of population spending more than 25% of household consumption or income on out-of-pocket health care expenditure (%),0
Proportion of seats held by women in national parliaments (%),0
"Proportion of time spent on unpaid domestic and care work, female (% of 24 hour day)",0
"Proportion of time spent on unpaid domestic and care work, male (% of 24 hour day)",0
Proportion of women subjected to physical and/or sexual violence in the last 12 months (% of women age 15-49),0
"Public and publicly guaranteed debt service (% of exports of goods, services and primary income)",0
Public and publicly guaranteed debt service (% of GNI),0
Public credit registry coverage (% of adults),0
Public private partnerships investment in energy (current US$),0
Public private partnerships investment in ICT (current US$),0
Public private partnerships investment in transport (current US$),0
Public private partnerships investment in water and sanitation (current US$),0
Pump price for diesel fuel (US$ per liter),0
Pump price for gasoline (US$ per liter),0
"Pupil-teacher ratio, lower secondary",0
"Pupil-teacher ratio, preprimary",0
"Pupil-teacher ratio, primary",0
"Pupil-teacher ratio, secondary",0
"Pupil-teacher ratio, tertiary",0
"Pupil-teacher ratio, upper secondary",0
"Quality of port infrastructure, WEF (1=extremely underdeveloped to 7=well developed and efficient by international standards)",0
Rail lines (total route-km),0
"Railways, goods transported (million ton-km)",0
"Railways, passengers carried (million passenger-km)",0
Ratio of female to male labor force participation rate (%) (modeled ILO estimate),0
Ratio of female to male labor force participation rate (%) (national estimate),0
Real effective exchange rate index (2010 = 100),0
Real interest rate (%),0
Refugee population by country or territory of asylum,0
Refugee population by country or territory of origin,0
Renewable electricity output (% of total electricity output),0
Renewable energy consumption (% of total final energy consumption),0
Renewable internal freshwater resources per capita (cubic meters),0
"Renewable internal freshwater resources, total (billion cubic meters)",0
"Repeaters, primary, female (% of female enrollment)",0
"Repeaters, primary, male (% of male enrollment)",0
"Repeaters, primary, total (% of total enrollment)",0
Research and development expenditure (% of GDP),0
Researchers in R&D (per million people),0
"Reserves and related items (BoP, current US$)",0
"Revenue, excluding grants (% of GDP)",0
"Revenue, excluding grants (current LCU)",0
Risk of catastrophic expenditure for surgical care (% of people at risk),0
Risk of impoverishing expenditure for surgical care (% of people at risk),0
"Risk premium on lending (lending rate minus treasury bill rate, %)",0
Rural land area (sq. km),0
Rural land area where elevation is below 5 meters (% of total land area),0
Rural land area where elevation is below 5 meters (sq. km),0
Rural population,0
Rural population (% of total population),0
Rural population growth (annual %),0
Rural population living in areas where elevation is below 5 meters (% of total population),0
Rural poverty gap at national poverty lines (%),0
Rural poverty headcount ratio at national poverty lines (% of rural population),0
S&P Global Equity Indices (annual % change),0
"School enrollment, preprimary (% gross)",0
"School enrollment, preprimary, female (% gross)",0
"School enrollment, preprimary, male (% gross)",0
"School enrollment, primary (% gross)",0
"School enrollment, primary (% net)",0
"School enrollment, primary (gross), gender parity index (GPI)",0
"School enrollment, primary and secondary (gross), gender parity index (GPI)",0
"School enrollment, primary, female (% gross)",0
"School enrollment, primary, female (% net)",0
"School enrollment, primary, male (% gross)",0
"School enrollment, primary, male (% net)",0
"School enrollment, primary, private (% of total primary)",0
"School enrollment, secondary (% gross)",0
"School enrollment, secondary (% net)",0
"School enrollment, secondary (gross), gender parity index (GPI)",0
"School enrollment, secondary, female (% gross)",0
"School enrollment, secondary, female (% net)",0
"School enrollment, secondary, male (% gross)",0
"School enrollment, secondary, male (% net)",0
"School enrollment, secondary, private (% of total secondary)",0
"School enrollment, tertiary (% gross)",0
"School enrollment, tertiary (gross), gender parity index (GPI)",0
"School enrollment, tertiary, female (% gross)",0
"School enrollment, tertiary, male (% gross)",0
Scientific and technical journal articles,0
"Secondary education, duration (years)",0
"Secondary education, general pupils",0
"Secondary education, general pupils (% female)",0
"Secondary education, pupils",0
"Secondary education, pupils (% female)",0
"Secondary education, teachers",0
"Secondary education, teachers (% female)",0
"Secondary education, teachers, female",0
"Secondary education, vocational pupils",0
"Secondary education, vocational pupils (% female)",0
"Secondary income receipts (BoP, current US$)",0
"Secondary income, other sectors, payments (BoP, current US$)",0
Secure Internet servers,0
Secure Internet servers (per 1 million people),0
"Self-employed, female (% of female employment) (modeled ILO estimate)",0
"Self-employed, male (% of male employment) (modeled ILO estimate)",0
"Self-employed, total (% of total employment) (modeled ILO estimate)",0
"Service exports (BoP, current US$)",0
"Service imports (BoP, current US$)",0
"Services, value added (% of GDP)",0
"Services, value added (annual % growth)",0
"Services, value added (constant 2010 US$)",0
"Services, value added (constant LCU)",0
"Services, value added (current LCU)",0
"Services, value added (current US$)",0
"Services, value added per worker (constant 2010 US$)",0
Sex ratio at birth (male births per female births),0
SF6 gas emissions (thousand metric tons of CO2 equivalent),0
"Share of tariff lines with international peaks, all products (%)",0
"Share of tariff lines with international peaks, manufactured products (%)",0
"Share of tariff lines with international peaks, primary products (%)",0
"Share of tariff lines with specific rates, all products (%)",0
"Share of tariff lines with specific rates, manufactured products (%)",0
"Share of tariff lines with specific rates, primary products (%)",0
"Share of youth not in education, employment or training, female (% of female youth population)",0
"Share of youth not in education, employment or training, male (% of male youth population)",0
"Share of youth not in education, employment or training, total (% of youth population)",0
"Short-term debt (% of exports of goods, services and primary income)",0
Short-term debt (% of total external debt),0
Short-term debt (% of total reserves),0
"Smoking prevalence, females (% of adults)",0
"Smoking prevalence, males (% of adults)",0
"Smoking prevalence, total (ages 15+)",0
Social contributions (% of revenue),0
Social contributions (current LCU),0
Source data assessment of statistical capacity (scale 0 - 100),0
"Specialist surgical workforce (per 100,000 population)",0
Start-up procedures to register a business (number),0
"Start-up procedures to register a business, female (number)",0
"Start-up procedures to register a business, male (number)",0
Statistical Capacity score (Overall average),0
"Stocks traded, total value (% of GDP)",0
"Stocks traded, total value (current US$)",0
"Stocks traded, turnover ratio of domestic shares (%)",0
Strength of legal rights index (0=weak to 12=strong),0
Subsidies and other transfers (% of expense),0
Subsidies and other transfers (current LCU),0
"Suicide mortality rate (per 100,000 population)",0
"Suicide mortality rate, female (per 100,000 female population)",0
"Suicide mortality rate, male (per 100,000 male population)",0
Surface area (sq. km),0
"Survey mean consumption or income per capita, bottom 40% of population (2011 PPP $ per day)",0
"Survey mean consumption or income per capita, total population (2011 PPP $ per day)",0
"Survival to age 65, female (% of cohort)",0
"Survival to age 65, male (% of cohort)",0
"Tariff rate, applied, simple mean, all products (%)",0
"Tariff rate, applied, simple mean, manufactured products (%)",0
"Tariff rate, applied, simple mean, primary products (%)",0
"Tariff rate, applied, weighted mean, all products (%)",0
"Tariff rate, applied, weighted mean, manufactured products (%)",0
"Tariff rate, applied, weighted mean, primary products (%)",0
"Tariff rate, most favored nation, simple mean, all products (%)",0
"Tariff rate, most favored nation, simple mean, manufactured products (%)",0
"Tariff rate, most favored nation, simple mean, primary products (%)",0
"Tariff rate, most favored nation, weighted mean, all products (%)",0
"Tariff rate, most favored nation, weighted mean, manufactured products (%)",0
"Tariff rate, most favored nation, weighted mean, primary products (%)",0
Tax payments (number),0
Tax revenue (% of GDP),0
Tax revenue (current LCU),0
Taxes less subsidies on products (constant LCU),0
Taxes less subsidies on products (current LCU),0
Taxes less subsidies on products (current US$),0
Taxes on exports (% of tax revenue),0
Taxes on exports (current LCU),0
Taxes on goods and services (% of revenue),0
Taxes on goods and services (% value added of industry and services),0
Taxes on goods and services (current LCU),0
"Taxes on income, profits and capital gains (% of revenue)",0
"Taxes on income, profits and capital gains (% of total taxes)",0
"Taxes on income, profits and capital gains (current LCU)",0
Taxes on international trade (% of revenue),0
Taxes on international trade (current LCU),0
"Technical cooperation grants (BoP, current US$)",0
Technicians in R&D (per million people),0
Teenage mothers (% of women ages 15-19 who have had children or are currently pregnant),0
Terms of trade adjustment (constant LCU),0
Terrestrial and marine protected areas (% of total territorial area),0
Terrestrial protected areas (% of total land area),0
"Tertiary education, academic staff (% female)",0
Textiles and clothing (% of value added in manufacturing),0
Time required to build a warehouse (days),0
Time required to enforce a contract (days),0
Time required to get electricity (days),0
Time required to obtain an operating license (days),0
Time required to register property (days),0
Time required to start a business (days),0
"Time required to start a business, female (days)",0
"Time required to start a business, male (days)",0
Time spent dealing with the requirements of government regulations (% of senior management time),0
"Time to export, border compliance (hours)",0
"Time to export, documentary compliance (hours)",0
"Time to import, border compliance (hours)",0
"Time to import, documentary compliance (hours)",0
Time to obtain an electrical connection (days),0
Time to prepare and pay taxes (hours),0
Time to resolve insolvency (years),0
"Total alcohol consumption per capita (liters of pure alcohol, projected estimates, 15+ years of age)",0
"Total alcohol consumption per capita, female (liters of pure alcohol, projected estimates, female 15+ years of age)",0
"Total alcohol consumption per capita, male (liters of pure alcohol, projected estimates, male 15+ years of age)",0
"Total debt service (% of exports of goods, services and primary income)",0
Total debt service (% of GNI),0
Total fisheries production (metric tons),0
Total greenhouse gas emissions (% change from 1990),0
Total greenhouse gas emissions (kt of CO2 equivalent),0
Total natural resources rents (% of GDP),0
Total reserves (% of total external debt),0
"Total reserves (includes gold, current US$)",0
Total reserves in months of imports,0
Total reserves minus gold (current US$),0
Total tax and contribution rate (% of profit),0
Trade (% of GDP),0
Trade in services (% of GDP),0
"Trademark applications, direct nonresident",0
"Trademark applications, direct resident",0
"Trademark applications, nonresident, by count",0
"Trademark applications, resident, by count",0
"Trademark applications, total",0
Trained teachers in lower secondary education (% of total teachers),0
"Trained teachers in lower secondary education, female (% of female teachers)",0
"Trained teachers in lower secondary education, male (% of male teachers)",0
Trained teachers in preprimary education (% of total teachers),0
"Trained teachers in preprimary education, female (% of female teachers)",0
"Trained teachers in preprimary education, male (% of male teachers)",0
Trained teachers in primary education (% of total teachers),0
"Trained teachers in primary education, female (% of female teachers)",0
"Trained teachers in primary education, male (% of male teachers)",0
Trained teachers in secondary education (% of total teachers),0
"Trained teachers in secondary education, female (% of female teachers)",0
"Trained teachers in secondary education, male (% of male teachers)",0
Trained teachers in upper secondary education (% of total teachers),0
"Trained teachers in upper secondary education, female (% of female teachers)",0
"Trained teachers in upper secondary education, male (% of male teachers)",0
Transport services (% of commercial service exports),0
Transport services (% of commercial service imports),0
"Transport services (% of service exports, BoP)",0
"Transport services (% of service imports, BoP)",0
Travel services (% of commercial service exports),0
Travel services (% of commercial service imports),0
"Travel services (% of service exports, BoP)",0
"Travel services (% of service imports, BoP)",0
"Tuberculosis case detection rate (%, all forms)",0
Tuberculosis treatment success rate (% of new cases),0
UHC service coverage index,0
Unemployment with advanced education (% of total labor force with advanced education),0
"Unemployment with advanced education, female (% of female labor force with advanced education)",0
"Unemployment with advanced education, male (% of male labor force with advanced education)",0
Unemployment with basic education (% of total labor force with basic education),0
"Unemployment with basic education, female (% of female labor force with basic education)",0
"Unemployment with basic education, male (% of male labor force with basic education)",0
Unemployment with intermediate education (% of total labor force with intermediate education),0
"Unemployment with intermediate education, female (% of female labor force with intermediate education)",0
"Unemployment with intermediate education, male (% of male labor force with intermediate education)",0
"Unemployment, female (% of female labor force) (modeled ILO estimate)",0
"Unemployment, female (% of female labor force) (national estimate)",0
"Unemployment, male (% of male labor force) (modeled ILO estimate)",0
"Unemployment, male (% of male labor force) (national estimate)",0
"Unemployment, total (% of total labor force) (modeled ILO estimate)",0
"Unemployment, total (% of total labor force) (national estimate)",0
"Unemployment, youth female (% of female labor force ages 15-24) (modeled ILO estimate)",0
"Unemployment, youth female (% of female labor force ages 15-24) (national estimate)",0
"Unemployment, youth male (% of male labor force ages 15-24) (modeled ILO estimate)",0
"Unemployment, youth male (% of male labor force ages 15-24) (national estimate)",0
"Unemployment, youth total (% of total labor force ages 15-24) (modeled ILO estimate)",0
"Unemployment, youth total (% of total labor force ages 15-24) (national estimate)",0
Unmet need for contraception (% of married women ages 15-49),0
Urban land area (sq. km),0
Urban land area where elevation is below 5 meters (% of total land area),0
Urban land area where elevation is below 5 meters (sq. km),0
Urban population,0
Urban population (% of total population),0
Urban population growth (annual %),0
Urban population living in areas where elevation is below 5 meters (% of total population),0
Urban poverty gap at national poverty lines (%),0
Urban poverty headcount ratio at national poverty lines (% of urban population),0
"Use of IMF credit (DOD, current US$)",0
Use of insecticide-treated bed nets (% of under-5 population),0
Value lost due to electrical outages (% of sales for affected firms),0
Vitamin A supplementation coverage rate (% of children ages 6-59 months),0
"Vulnerable employment, female (% of female employment) (modeled ILO estimate)",0
"Vulnerable employment, male (% of male employment) (modeled ILO estimate)",0
"Vulnerable employment, total (% of total employment) (modeled ILO estimate)",0
"Wage and salaried workers, female (% of female employment) (modeled ILO estimate)",0
"Wage and salaried workers, male (% of male employment) (modeled ILO estimate)",0
"Wage and salaried workers, total (% of total employment) (modeled ILO estimate)",0
Wanted fertility rate (births per woman),0
"Water productivity, total (constant 2010 US$ GDP per cubic meter of total freshwater withdrawal)",0
Wholesale price index (2010 = 100),0
"Women making their own informed decisions regarding sexual relations, contraceptive use and reproductive health care  (% of women age 15-49)",0
"Women participating in the three decisions (own health care, major household purchases, and visiting family) (% of women age 15-49)",0
Women who believe a husband is justified in beating his wife (any of five reasons) (%),0
Women who believe a husband is justified in beating his wife when she argues with him (%),0
Women who believe a husband is justified in beating his wife when she burns the food (%),0
Women who believe a husband is justified in beating his wife when she goes out without telling him (%),0
Women who believe a husband is justified in beating his wife when she neglects the children (%),0
Women who believe a husband is justified in beating his wife when she refuses sex with him (%),0
Women who were first married by age 15 (% of women ages 20-24),0
Women who were first married by age 18 (% of women ages 20-24),0
Women's share of population ages 15+ living with HIV (%),0
